{
    "mse": 0.13479954413734843,
    "r2_score": -0.16610131277958984,
    "best_units": 77,
    "best_dropout": 0.19470076902550482
}