{
    "mse": 0.1464051869106281,
    "r2_score": -0.26649746293112964,
    "best_units": 128,
    "best_dropout": 0.5
}