{
    "mse": 0.1800135626745426,
    "r2_score": -0.55723116940983,
    "best_units": 96,
    "best_dropout": 0.14808976524823997
}