{
    "mse": 0.1573637777542382,
    "r2_score": -0.36129620465333967,
    "best_units": 32,
    "best_dropout": 0.40454666561230923
}