actual_risk,predicted_risk
0.0,-0.03167276
0.8287037037037037,-0.038151756
0.0,-0.03276166
0.0,-0.032872777
0.738197424892704,-0.034185223
0.0,-0.03845837
0.0,-0.04172785
0.0,-0.008937528
